target,pearson_r
eo_gap_delta,-0.016858713555377977
dp_gap_delta,-0.23789658847394993
eo_gap,-0.07359298111586626
dp_gap,-0.12575478672490004
