target,pearson_r
eo_gap_delta,0.39782701284523614
dp_gap_delta,0.30266147286288114
eo_gap,0.1632056023651638
dp_gap,0.0991561187066183
