target,pearson_r
eo_gap_delta,-0.31067463535099465
dp_gap_delta,-0.031899730585276516
eo_gap,-0.09761067541273946
dp_gap,0.05259193342418218
